150.96,160.1,188.07,515.05,279.1,396.78,132.14,319.2,315.7,321.62,128.04,282.5,245.34,255.05,400.51,272.97,200.89,80.66,398.09,267.71,49.63,49.73,405.44,254.16,135.52,124.46,4.31,31.18,365.24,350.46,52.28,52.28,265.82,226.09,178.66,25.33,235.06,250.03,229.47,320.5,176.25,379.51,378.9,378.96,448.31,500.72,274.07,273.36,282.78,96.67,278.09,269.24,548.16,541.25,270.01,445.13,229.17,235.54,230.49,133.78,252.55,235.09,193.6,433.26,566.2,151.53,156.82,322.28,361.46,328.4,108.86,432.29,339.12,231.73,314.38,312.26,138.06,535.44,136.51,446.19,442.9,496.77,479.87,227.24,348.58,184.33,572.18,231.16,367.01,324.27,129.58,124.79,124.57,137,319.04,326.93,304.06,327.19,328.7,167.22,296.65,15.48,104.99,265.3,296.61,475.94,170.44,257.71,338.17,317.7,332.78,331.96,338.42,155.98,389.14,333.98,331.12,339.01,335.3,328.57,399.14,308.01,570.4,358.55,362.99,358.04,358.85,359.03,359.35,341.61,496.19,55.07,54.1,96.12,504.22,504.41,424.08,490.9,280.89,304.67,372.63,160.57,82.53,327.06,183.16,134.66,253.48,123.95,284.24,198.16,423.72,41.8,40.47,373.12,501.42,135.76,535.46,302.17,65.03,274.62,326.56,488.19,457.87,325.39,24.7,248.21,342.56,270.97,449.22,349.32,311.4,443.33,122.95,497.66,529.27,276.32,244.74,205.94,422.26,492.66,493.61,323.51,207.39,377.69,181.32,418.71,305.87,301.33,328.79,246.01,222.96,225.06,417.62,379.92,222.82,439.51,273.07,218.85,219.13,289.95,405.9,391.39,386.09,310.46,528.84,206.12,207.64,208.59,143.69,240.58,140.27,324.74,325.25,313.7,565.23,99.39,51.95,505.31,344.94,50.13,265.61,187.37,306.61,223.91,457.92,136.51,50.13,496.77,496.77,496.77
103.36,112.5,114.97,537.96,258.97,376.65,78.19,299.07,295.57,301.48,145.73,262.36,230.08,226.95,380.38,297.67,205.93,83.39,377.95,247.57,23.4,23.5,385.3,278.99,154.3,153.27,52.7,55.08,345.1,330.32,35.23,35.27,245.68,244.17,196.35,34.94,204.6,212.59,199.01,300.36,171.16,359.37,358.76,357.8,428.17,523.64,253.93,253.22,262.64,63.32,257.95,249.1,571.08,564.17,249.88,424.99,209.03,215.4,210.35,136.23,277.38,214.95,177.92,412.1,590.9,170.3,109.22,302.14,341.32,308.27,69.26,455.21,318.98,211.58,294.24,291.1,98.55,558.35,155.28,426.05,422.76,474.73,473.89,207.09,328.45,203.1,595.1,211.01,346.87,304.13,148.35,143.56,134.88,97.49,298.9,306.79,283.93,307.05,308.56,133.86,276.51,45.39,98.28,245.16,275.44,500.64,168.23,237.57,318.02,297.56,312.65,311.82,318.28,180.69,369.01,313.84,310.98,318.87,315.16,308.43,379.01,287.87,593.31,339.94,337.91,338.79,337.13,339.78,340.1,321.47,490.2,18.64,19.47,62.77,488.03,488.23,392.14,515.6,260.75,283.5,352.49,121.06,30.53,306.92,201.93,95.15,211.64,142.73,244.62,216.93,403.58,35.44,34.11,352.99,524.34,154.53,558.38,281.01,101.21,254.49,351.26,482.21,482.58,305.25,43.85,228.07,322.42,250.83,473.92,329.19,291.26,423.2,151.83,481.47,552.19,256.18,205.58,224.03,446.97,486.68,485.68,303.38,176.51,357.55,111,397.55,285.73,281.19,308.66,205.75,202.82,204.92,442.32,359.78,241.59,419.37,252.93,176.46,173.72,269.82,385.76,371.25,365.95,290.32,551.76,224.21,225.73,226.68,162.46,209.7,150.39,304.6,305.11,293.56,588.14,50.45,49.85,489.12,324.81,11.9,290.31,184.96,286.48,193.03,482.63,155.28,11.9,474.73,474.73,474.73
643.38,635.3,603.09,1021.33,797.39,933.49,560.49,837.8,833.43,839.35,415.93,800.79,771.36,768.44,918.84,788.26,368.98,471.67,916.7,783.59,557.75,557.51,959.91,769.46,400.54,422.61,531,547.17,883.32,868.6,568.13,569.04,784.21,332.96,363.22,542.09,349.8,345.47,350.83,839.21,390.25,897.65,897.04,896.71,977.32,1007,792.35,791.65,801.07,487.38,796.33,787.73,1054.44,1045.87,788.5,963.62,747.52,753.84,748.78,415.53,767.85,753.15,387.93,951.01,1045,391.52,643.96,840.99,879.48,847.01,536.47,938.57,857.01,748.73,832.27,830,559.8,1040.05,401.53,975.19,961.39,1004.46,987.56,744.24,866.61,368.24,1098.85,747.04,884.34,842.66,409.82,410.57,418.3,559.75,836.77,833.69,821.82,845.79,847.07,448.54,815.26,537.28,620.87,782.31,814.35,982.45,685.5,775.67,854.04,836.3,850.67,850.33,856.31,638.12,907.6,852.37,849.51,854.71,853.19,845.83,917.76,826.89,1097.07,866.4,869.27,864.32,865.13,865.31,865.63,859.5,1003.88,562.53,563.06,484.3,1010.72,1012.11,931.49,998.7,799.13,822.41,890.77,544.86,561.96,845.16,364.29,561.08,345.33,411.13,799.51,363.04,942.2,557.81,557.23,890.13,1007.7,400.78,1041.74,819.91,555.3,791.63,833.06,996.38,966.02,844,547.4,765.22,862.7,787.98,957.01,866.74,829.13,961.82,419.67,1005.35,1035.55,794.61,763.07,338.53,928.77,1000.35,1000.12,841.89,376.54,895.83,596.46,936.45,823.6,819.94,847.04,764.34,738.84,743.91,925.31,900.65,348.19,957.98,791.29,393.36,394.63,808.24,924.39,909.85,902.85,828.19,1035.12,323.03,321.27,323.3,393.3,350.93,403.42,843.34,843.85,829.58,1071.51,557.78,571.68,1013,862.95,539.75,780.87,381.17,824.95,368.13,965.61,401.53,539.75,1004.46,1004.46,1004.46
309.8,311.92,372.35,270.25,132.49,120.62,396.42,85.45,80.58,76.48,511.04,133.07,169,168.48,21.17,203.11,572.14,483.49,53.11,169.82,374.61,375.15,106.43,199.38,517.61,509.97,393.6,370.26,68.35,92.51,372.85,373.44,167.92,607.75,561.24,386.37,580.41,583.03,574.73,97.12,578.5,103.79,103.92,104.16,103.34,272.04,130.61,129.9,143.24,443.06,118.54,135.89,249.38,421.37,135.68,100.17,172.62,178.89,183.5,517.54,197.77,172.8,566.54,38.19,416.33,533.61,306.76,98.9,50.61,74.7,408.33,274.29,52.9,179.57,79.93,86.08,410.42,424.6,518.6,101.22,97.93,110.5,151.53,173.2,49.87,566.42,474.21,185.79,68.46,77.81,511.66,506.87,516.3,409.36,76.64,84.14,97.04,80.67,68.37,514.53,106.58,388.86,302.54,167.4,108.58,234.16,236.71,159.8,58.95,81.05,63.95,65.45,65.62,333.02,41.93,66.63,65.72,62.55,61.49,67.55,54.17,96.64,473.94,162.96,161.01,164.56,166.15,163.97,164.29,79.03,167.85,367.2,368.03,442.51,123.81,124,129.58,249.13,120.94,95.82,104.58,416.36,390.5,80.54,565.24,407.02,581.98,506.04,187.01,580.24,78.75,372.8,369.38,41.47,295.34,517.84,287.14,105.15,383.75,131.19,252.08,159.86,270.61,78.93,379.63,167.49,65.57,134.42,189.23,48.62,84.99,98.37,511.61,117.24,265.28,128.85,195.69,587.61,272.39,119.31,120.28,79.37,552.16,95.31,385.36,53.49,96.25,107.54,68.53,195.36,182.25,193.43,267.75,149.14,582.03,67.75,136.51,530.26,530.43,141.18,60.81,46.27,59.25,86,265.71,587.79,589.31,590.26,525.78,579.64,524.63,84.64,86.59,95.66,293.25,384.38,358.28,124.89,52.33,384.16,200.08,571.09,98.03,567.64,270.66,518.6,384.16,110.5,110.5,110.5
114.9,124.04,183.05,390.19,180.41,254.96,192.72,177.83,192.41,194.29,258.82,183.81,112.18,109.18,263.35,163.42,331.33,214.33,244.26,169.02,134.62,134.72,263.62,140.11,265.38,257.74,141.42,120.88,246.97,208.64,123.47,106.01,167.13,358.37,309.02,134.47,384.97,380.64,367.6,175.81,306.11,237.68,237.07,237.01,285.05,386.88,175.38,174.67,184.09,207.73,179.4,143.9,427.64,514.96,144.68,280.63,87.35,93.72,88.66,271.82,138.5,140.07,323.46,295.53,511.32,281.39,121.24,174.04,219.64,196.2,207.69,367.88,220.4,89.9,215.69,170.31,206.71,518.19,266.37,278.19,278.4,369.11,352.21,85.41,206.76,314.19,567.8,89.33,253.02,184.88,259.44,254.65,262.2,205.66,191.72,173.51,162.24,176.9,194.22,278.27,176.64,136.64,41.36,166.61,160.49,352.65,73.96,159.02,213.82,179.87,219.58,218.32,226.09,156.41,251.98,219.5,191.74,222.52,221.96,200.78,245.32,166.71,567.53,218.26,217.12,218,216.34,218.99,219.31,239.53,368.52,116.04,115.07,207.18,374.61,376.75,270.45,369.55,182.2,162.71,230.81,212.65,143.38,174.32,313.01,203.32,383.34,253.81,126.72,328.01,286.56,120.62,117.15,235.96,396.37,265.62,407.07,169,131.56,175.93,248.28,360.52,367.17,177.22,128.16,149.52,226.07,172.28,326.14,207.5,212.71,278.83,259.39,370,404.41,177.63,146.05,338.23,365.43,364.99,364,189.04,345.03,235.87,181.91,280.98,207.18,171.76,196.8,147.32,81.14,88,362.74,236.51,352.68,302.5,174.38,326.81,326.73,191.26,249.98,254.23,244.27,211.77,403.98,338.41,339.93,340.88,273.55,378.21,275.24,170.2,169.01,171.87,436.84,137.13,106.06,377.64,207.6,137.11,140.81,317.23,168.1,361.54,367.22,266.37,137.11,369.11,369.11,369.11
260.59,269.73,328.73,301.72,262.84,199.47,356.85,172.38,188.99,190.88,367.65,263.42,42.35,40.08,205.72,31.82,440.5,327.81,188.44,265.95,268.47,268.56,210.94,1.02,375.65,368.01,254.91,231.56,214.43,155.96,253.59,253.96,264.05,465.83,418.27,247.95,493.97,489.64,462.03,166.25,416.38,185,184.39,184.67,232.36,290.45,260.96,260.26,273.59,321.26,242.76,179.05,374.3,382.78,179.83,227.95,128.57,136.88,138.99,382.08,2.1,248.35,433.73,238.81,373.53,391.65,267.16,164.47,163.82,163.65,333.57,237.91,187.85,135.52,207.9,154.65,362.65,376.96,376.64,225.51,225.72,313.61,296.71,122.67,150.94,424.46,413.71,139.66,220.47,173.66,369.7,364.92,372.42,361.59,188.3,160.39,118.73,163.49,188.7,391.81,177.76,250.17,145.06,263.53,159.99,269.1,76.29,255.94,181.28,172.42,187.03,185.77,193.54,139.28,194.37,186.95,180.51,189.97,189.41,195.53,189.5,157.14,411.92,127.97,121.53,122.4,120.75,123.4,123.72,206.98,313.03,269.54,268.57,320.72,321.06,321.26,214.97,284.02,251.29,152.83,178.13,358.57,307.12,164.88,423.28,359.25,493.61,364.08,36.45,438.28,215.87,244.56,245.73,170.65,307.03,375.88,318.61,159.12,216.16,261.52,133.88,305.03,265.22,167.88,241.65,263.61,193.52,264.75,242.34,151.68,193.4,226.15,369.65,314.5,315.94,259.21,258,445.69,229.59,309.5,310.45,185.62,455.25,183.18,327.6,224.26,192.23,172.87,164.25,259.27,122.46,178.22,224.95,182.61,462.95,244.74,266.85,437.17,433.64,271.51,193.36,196.62,188.45,196.82,315.51,445.87,447.39,448.34,383.82,488.43,382.71,160.64,159.44,139.33,348.37,249.39,243.3,322.15,175.05,274.91,11.28,427.5,158.53,471.76,265.27,376.64,274.91,313.61,313.61,313.61
303.65,296.43,246.85,761.49,487.07,624.64,215.44,527.47,523.1,529.02,251.33,490.47,502.86,510.17,608.52,567.36,210.1,248.45,606.38,475.35,314.52,314.62,628.28,548.56,250.4,251.16,322.13,324.51,572.99,573.29,316.41,316.41,457.44,262.03,255.74,312.1,173.72,174.5,176.66,528.88,227.37,602.34,601.73,601.4,656.47,758.18,482.03,481.32,490.74,233.39,486,477.4,798.95,833.73,478.17,653.3,457.52,473.99,458.78,235.42,546.95,442.82,215.42,640.68,860.99,275.12,304.23,530.66,584.16,536.69,241.95,724.77,546.68,474.64,521.94,531.09,203.57,827.92,251.38,654.35,651.06,702.89,705.54,455.61,571.28,228.79,864.66,468.18,574.01,532.33,272.09,272.84,233.66,203.52,526.44,534.77,526.5,535.47,536.74,174.49,504.93,314.96,393.94,456.92,504.02,733.28,464.73,465.35,546.23,525.97,540.34,540,545.98,450.53,597.28,542.05,539.19,544.38,542.85,535.5,607.43,527.97,862.88,619.2,617.37,620.92,622.51,620.32,620.64,549.17,721.47,299.77,300.61,241.63,715.96,716.39,626.84,738.86,488.8,523.49,595.47,188.63,273.88,534.84,259.74,204.84,171.32,273.4,531.1,237.96,631.88,319.37,323.46,581.48,767.67,249.68,778.38,509.58,372.86,482.59,620.76,713.49,736.92,533.67,313.15,455.94,552.37,478.86,695.44,571.42,518.8,651.5,245.07,709.63,775.71,484.28,425.65,282.51,716.39,711.7,712.67,531.55,180.49,600.52,240.22,626.13,513.27,509.61,536.71,425.82,451.42,433.38,712.47,607.8,210.35,647.65,480.97,139.91,139.91,497.92,614.07,599.52,612.52,517.86,775.28,237.19,233.44,253.33,258.81,164.41,231.96,533.01,533.52,519.31,808.14,246.26,337.44,717.28,552.62,296.86,559.97,219.97,514.62,181.61,736.97,251.38,296.86,702.89,702.89,702.89
481.13,483.24,543.67,10.75,384.99,192.72,567.36,301.63,311.13,313.02,631.55,385.56,305.34,305.4,286.81,295.98,704.4,598.82,229.61,388.09,539.47,539.57,174.92,313.12,638.32,630.3,525.91,502.56,336.76,230.54,524.6,524.6,386.19,729.73,682.17,518.96,757.87,753.54,725.93,315.35,679.39,197.98,197.37,197.04,178.05,31.73,383.1,382.4,395.73,592.51,364.9,346.35,47.72,193.44,347.13,175.88,317.8,330.8,325.48,645.98,316,390.95,696.75,234.3,188.85,654.77,477.55,317.13,254.33,293.26,579.67,95.23,310.18,324.76,330.24,304.47,581.35,196.67,639.31,175.92,179.2,173.86,117.65,318.39,268.15,687.3,246.28,337.9,342.81,295.8,633,628.04,644.23,580.3,310.44,302.41,286.03,298.93,311.03,692.51,324.84,518.74,451.95,385.67,327.13,56.97,379.53,378.08,303.61,299.04,309.36,308.11,315.87,410.28,225.36,309.29,302.66,312.31,311.74,317.86,228.55,314.9,246.01,193.51,194.8,194.34,198.32,193.75,194.06,329.32,110.27,540.18,539.21,592.58,170.65,170.84,171.7,36.01,373.43,319.97,207.03,588,578.61,298.81,686.17,577.96,756.24,627.2,283.17,701.24,204.02,515.56,516.96,248.15,64.28,638.56,25.34,326.25,487.16,383.66,206.37,111.14,72.31,297.14,512.65,385.75,315.85,386.89,94.02,266.9,315.54,177.19,633.2,175.13,2.06,381.35,414,709.58,120.23,169.31,170.28,307.76,719.02,196.37,556.68,213.92,314.37,325.81,286.39,413.26,325.07,345.52,121.57,168.78,725.61,194.18,388.99,701.58,701.58,393.65,227.05,221.69,230.76,318.96,1.62,709.76,711.28,712.23,646.94,736.31,646.6,302.85,304.8,306.64,36.69,555.7,507.45,173.75,292.7,545.92,302.14,690.53,316.29,719.8,72.36,639.31,545.92,173.86,173.86,173.86
735.3,744.44,767.18,540.2,773.82,584.23,711.25,683.35,699.96,701.85,610.49,774.39,553.32,550.99,716.69,512.21,683.35,621.94,646.94,776.93,641.2,641.3,610.63,517.48,617.14,609.5,614.18,609.16,725.4,613.09,640.23,640.07,775.02,687.36,661.12,620.69,736.81,732.48,704.88,677.22,657.87,596.65,596.04,595.83,628.52,527.93,771.93,771.23,784.56,675.8,753.73,690.03,587.15,398.63,690.8,626.34,639.55,647.85,649.96,618.09,515.87,759.32,675.22,668.23,401.78,633.14,741.09,675.45,674.79,674.62,687.96,479.5,698.82,646.5,718.88,665.56,717.18,400.79,618.13,626.39,625.41,655.19,638.29,633.65,661.91,665.95,411.76,650.64,731.45,684.63,611.19,606.41,620.12,716.13,699.27,671.36,629.7,674.46,699.67,678.11,688.73,612.3,644.75,774.5,670.9,528.61,578.78,766.91,692.26,683.4,698,696.75,704.51,521.55,659.25,697.93,691.49,700.95,700.38,706.5,645.88,668.12,409.97,546.63,552.39,540.87,541.68,541.86,542.18,717.96,609.89,646.04,645.07,667.11,662.64,662.84,582.51,529.61,762.26,663.74,597.67,739.7,681.3,675.86,664.77,713.79,735.1,605.57,547.43,679.77,625.54,631.2,631.84,681.62,528.63,617.38,562.72,670.03,557.46,772.49,469.67,610.77,487.18,678.86,610.4,774.59,704.49,775.73,563.27,662.65,704.37,625.84,611.14,656.08,554.43,770.18,768.98,682.24,459.84,651.08,652.03,696.59,704.31,603.79,760.42,647.85,703.2,683.84,675.22,770.24,633.45,689.2,462.9,551.33,704.44,644.22,777.82,716.66,716.05,782.48,641.38,655.58,645.1,707.79,553.99,688.89,690.41,691.63,625.31,715.66,625.73,671.61,670.41,650.31,592.49,709.29,629.41,663.73,686.02,647.67,528.79,668.99,669.51,698.99,487.23,618.13,647.67,655.19,655.19,655.19
247.09,239.88,189.93,700.56,430.66,553.26,158.94,470.76,467.26,473.18,98.51,434.06,453.71,447.95,552.07,467.64,43.63,109.64,549.64,419.27,194.96,195.05,571.68,448.82,97.58,98.46,202.12,204.26,516.8,516.71,198.61,228.31,401.34,107.14,90.27,192.21,37.2,45.18,31.6,472.05,65.55,545.75,545.14,544.81,599.87,686.24,425.62,424.92,434.34,110.88,429.65,420.8,733.68,725.1,421.57,596.69,401.28,416.96,416.37,96.61,447.21,386.65,52.79,584.19,724.58,125.06,247.74,473.83,527.71,479.96,133.75,617.81,490.68,417.6,465.94,474.59,147.07,719.28,98.57,597.75,594.46,646.42,648.05,399.34,514.83,65.01,778.09,411.14,518.57,475.82,122.03,122.77,95.35,147.02,470.6,478.27,470.31,478.74,480.25,43.16,448.21,208,301.62,400.82,447.57,663.2,365.08,409.27,489.72,469.26,484.34,483.51,489.98,317.17,540.7,485.54,482.68,490.57,486.85,480.13,550.7,471.47,776.3,545.83,560.87,543.56,544.37,544.55,544.87,493.16,664.37,181.86,182.7,107.8,659.73,659.92,570.24,678.18,432.45,467,538.88,132.14,171.29,478.62,93.47,148.35,44.08,123.34,478.91,72.01,575.28,199.44,216.5,524.68,686.94,96.87,720.98,453.14,234.7,426.18,513.82,656.38,645.16,476.95,193.03,399.77,494.11,422.52,636.5,515.57,462.96,594.89,94.33,653.17,714.79,427.88,369.43,109.22,609.53,655.24,656.2,475.07,8.95,543.93,183.17,569.63,457.43,452.89,480.35,369.6,395.06,376.4,604.89,551.74,38.82,591.07,424.63,41.73,41.73,441.51,557.46,542.95,555.79,462.02,714.36,82.3,78.55,98.44,108.75,42.14,81.42,476.3,476.81,461.14,750.74,189.76,230.48,660.82,496.5,177.29,460.27,57.89,458.17,25.47,645.21,98.57,177.29,646.42,646.42,646.42
230.72,223.51,200.94,632.04,408.27,545.66,147.96,448.38,444.88,450.79,12.34,411.67,383.52,379.16,529.69,400.21,56.41,68.46,527.26,395.74,166.23,166.33,572.07,380.17,6.36,16.42,142.42,159.34,494.41,479.63,180.28,179.75,384.97,102.84,55.1,153.51,103.25,126.46,97.65,449.67,29.01,508.68,508.07,507.42,589.94,617.71,403.24,402.53,411.95,105.15,407.26,398.41,665.16,656.58,399.19,574.3,358.34,364.71,359.66,12.94,378.56,364.26,46.37,561.72,657.17,27.61,230.91,451.45,490.63,457.58,124.68,549.29,468.29,360.9,443.55,440.71,153.81,650.76,7.35,575.36,572.07,616.63,599.73,356.41,477.76,60.52,709.57,359.19,496.18,453.44,20.44,21.19,14.71,152.75,448.21,456.1,433.23,456.36,457.87,88.15,425.82,147.99,233.02,384.46,425.06,594.6,297.66,386.88,466.2,446.87,461.95,461.13,467.59,249.74,518.31,463.15,460.29,468.18,464.47,457.74,528.32,437.18,707.78,478.41,479.98,475.03,475.84,476.03,476.35,470.78,616.05,159.48,160.31,102.07,622.88,624.27,543.94,610.75,410.06,433.12,501.8,159.6,148.9,456.23,59.34,150.42,110.12,21.75,411.48,74.34,552.89,170.72,167.94,502.29,618.41,5.65,652.45,430.62,167.28,403.79,445.21,608.05,577.73,454.56,164.3,377.38,471.73,400.14,569.07,478.49,440.57,572.51,16.09,617.52,646.27,405.49,353.06,82.7,540.92,612.52,612.27,452.69,90.28,506.86,194.18,547.17,435.04,430.5,457.97,353.23,350.99,354.23,537.48,512.76,99.01,568.68,402.24,126.87,126.09,419.13,535.07,520.56,515.26,439.63,645.83,82.88,84.4,85.35,19.77,108.18,11.28,453.91,454.42,441.73,682.22,146,188.83,625.16,474.12,148.57,392.85,42.81,435.79,91.51,577.78,7.35,148.57,616.63,616.63,616.63
283.3,292.44,351.44,282.82,285.55,159.75,376.43,195.08,211.7,213.58,387.23,286.12,65.05,62.78,208.77,1.46,460.08,347.4,163.93,288.65,288.05,288.15,186.15,31.41,395.25,387.61,274.49,251.14,237.13,129.8,273.18,273.55,286.75,485.42,437.85,267.54,513.55,509.22,481.62,188.95,435.97,161.96,161.35,160.6,207.58,270.4,283.67,282.96,296.3,340.86,265.46,201.76,315.93,343.05,202.53,203.16,151.28,159.59,161.69,401.66,39.74,271.06,453.33,224.22,337.61,411.25,289.89,187.18,152.66,186.35,353.16,201.98,210.56,158.23,230.61,177.38,382.24,346.28,396.23,200.73,200.93,266.52,249.62,145.38,153.99,444.05,395.9,162.36,243.18,196.36,389.3,384.51,392.02,381.19,211,183.1,141.43,186.19,211.41,411.4,200.46,269.77,173.31,286.23,182.71,245.74,104.54,278.64,203.98,195.13,209.73,208.48,216.24,158.86,170.73,209.66,203.22,212.68,212.11,218.23,164.98,179.85,395.62,104.6,102.63,103.5,101.85,104.5,104.82,229.69,265.94,289.13,288.16,340.31,274.02,274.16,175.25,260.65,273.99,175.56,147.14,404.76,326.72,187.59,442.88,378.85,513.2,383.68,37.25,457.88,201.06,264.14,265.33,163.59,271.1,395.48,305.15,181.85,235.74,284.22,97.96,257.95,229.29,190.59,261.23,286.32,216.22,287.46,218.98,154.73,216.1,201.37,389.25,267.41,297.04,281.91,280.71,465.27,193.67,262.41,263.41,208.32,474.84,160.14,350.3,197.47,214.93,195.58,186.96,281.98,145.17,200.93,189.03,142.89,482.55,219.74,289.55,456.76,453.24,294.21,169.19,172.98,163.5,219.52,296.61,465.45,466.97,467.92,403.41,508.03,402.29,183.34,182.14,162.04,334.91,277.64,262.89,275.06,197.76,294.5,26.08,447.09,181.24,491.36,229.34,396.23,294.5,266.52,266.52,266.52
294.29,296.4,356.83,268.01,127.05,118.45,380.91,67.85,77.35,79.24,495.53,127.63,153.49,152.97,25.69,187.59,556.63,467.98,50.94,154.3,359.1,359.2,104.25,183.87,502.09,494.45,378.09,354.75,72.8,85.07,357.33,357.92,152.4,592.23,545.73,371.13,564.89,567.51,559.22,81.56,562.98,98.9,98.91,101.92,101.16,269.8,125.17,124.46,137.8,427.54,131.12,120.33,247.15,419.13,120.12,97.99,157.1,163.19,164.78,502.02,182.26,157.29,551.03,56.72,414.16,518.1,291.25,83.34,35.11,59.48,392.82,272.06,47.43,164.05,74.46,70.56,394.9,422.36,503.08,99.04,95.75,119.16,149.35,157.68,34.36,550.9,471.98,170.28,72.92,62.02,496.15,491.36,500.79,393.85,76.66,68.63,81.53,65.15,60.92,499.01,91.06,373.35,287.02,151.89,93.06,231.98,221.19,144.3,53.48,65.26,58.48,74.33,60.12,317.51,42,59.18,68.87,56.55,55.99,62.08,52,81.12,471.7,157.95,158.77,162.32,163.91,161.73,162.05,73.56,165.67,351.68,352.52,426.99,132.47,132.66,127.4,246.95,115.49,80.3,99.69,400.84,374.99,65.03,549.73,391.51,566.46,490.52,171.49,564.73,76.58,357.28,353.87,25.95,293.1,502.33,284.9,89.64,368.23,125.72,249.9,157.68,268.43,63.36,364.83,151.97,60.1,128.95,187.05,33.11,81.76,96.19,496.1,125.9,263.04,123.41,180.22,572.09,270.22,127.97,128.94,73.98,536.65,90.42,369.84,50.87,80.59,92.03,52.61,179.48,166.74,177.91,265.58,146.78,566.52,76.41,131.06,514.74,514.92,135.71,58.75,44.25,57.09,85.18,263.47,572.27,573.79,574.74,510.26,564.12,509.11,69.06,71.02,80.14,291.01,368.86,342.77,133.55,46.89,368.64,184.56,555.58,82.51,552.13,268.48,503.08,368.64,119.16,119.16,119.16
728.06,737.2,759.93,532.52,766.57,576.98,704,676.1,692.72,694.6,603.25,767.15,546.07,543.32,709.44,504.97,676.1,614.7,639.69,769.68,633.95,634.05,603.39,509.8,609.46,601.82,606.93,601.91,718.15,605.84,632.99,632.39,767.77,680.12,653.87,613.44,729.57,725.24,697.64,669.97,650.19,589.4,588.79,588.15,621.27,520.25,764.69,763.98,777.32,668.12,746.49,682.78,579.47,403.17,683.55,619.09,632.3,640.61,642.71,610.84,508.19,752.08,667.54,660.55,406.42,625.47,733.42,668.2,667.54,667.37,680.72,471.82,691.58,639.26,711.63,657.89,709.51,405.33,610.45,619.14,618.16,647.95,631.04,626.4,654.67,658.27,416.29,643.39,724.2,677.38,603.52,598.73,612.44,708.45,692.03,664.12,622.45,667.21,692.43,670.44,681.48,604.62,637.51,767.25,663.22,521.36,571.53,759.66,685.01,676.15,690.75,689.5,697.26,514.31,652.01,690.68,684.24,693.7,693.14,699.25,638.63,660.87,414.51,539.38,544.72,533.19,534,534.18,534.5,710.71,602.64,638.36,637.39,659.43,655.39,655.59,575.26,522.36,755.01,656.07,590.42,732.02,673.63,668.61,657.1,706.11,727.42,597.89,540.18,672.09,618.29,623.95,624.16,674.38,520.95,609.7,555.04,662.35,550.22,765.24,462.42,603.52,479.93,671.61,603.15,767.34,697.25,768.48,556.03,655.4,697.12,618.59,603.47,648.84,546.75,762.93,761.73,674.99,452.59,643.83,644.78,689.35,696.64,596.54,753.18,640.17,695.95,676.6,667.98,763,626.2,681.95,455.66,544.08,696.76,636.97,770.58,709.42,708.37,775.23,634.13,648.33,637.85,700.55,546.32,681.64,683.16,684.38,617.63,707.98,618.48,664.36,663.17,643.07,584.81,702.04,621.73,656.48,678.78,640.43,521.54,661.31,662.26,691.31,479.98,610.45,640.43,647.95,647.95,647.95
735.31,744.45,767.19,540.21,773.83,584.24,711.26,683.36,699.97,701.86,610.5,774.4,553.33,551,716.7,512.22,683.35,621.95,646.94,776.94,641.21,641.31,610.64,517.49,617.15,609.51,614.19,609.16,725.41,613.1,640.24,640.08,775.03,687.37,661.12,620.69,736.82,732.49,704.89,677.23,657.87,596.66,596.05,595.83,628.52,527.94,771.94,771.24,784.57,675.81,753.74,690.03,587.16,398.64,690.81,626.35,639.55,647.86,649.97,618.1,515.88,759.33,675.23,668.24,401.79,633.15,741.1,675.46,674.8,674.63,687.97,479.5,698.83,646.51,718.88,665.57,717.19,400.8,618.14,626.39,625.41,655.2,638.3,633.66,661.92,665.96,411.77,650.65,731.45,684.64,611.2,606.41,620.13,716.14,699.28,671.37,629.71,674.47,699.68,678.12,688.74,612.31,644.76,774.51,670.9,528.61,578.78,766.92,692.27,683.4,698.01,696.76,704.52,521.56,659.26,697.93,691.49,700.95,700.39,706.51,645.89,668.13,409.98,546.63,552.4,540.87,541.68,541.87,542.19,717.96,609.9,646.04,645.07,667.11,662.65,662.84,582.52,529.62,762.27,663.75,597.68,739.7,681.31,675.86,664.78,713.8,735.11,605.58,547.43,679.78,625.54,631.21,631.85,681.63,528.64,617.38,562.73,670.04,557.47,772.5,469.68,610.77,487.19,678.86,610.4,774.59,704.5,775.73,563.28,662.66,704.38,625.85,611.15,656.09,554.43,770.19,768.98,682.25,459.85,651.09,652.04,696.6,704.32,603.8,760.43,647.86,703.21,683.85,675.23,770.25,633.46,689.2,462.91,551.34,704.45,644.22,777.83,716.67,716.06,782.49,641.39,655.59,645.1,707.8,554,688.89,690.41,691.64,625.32,715.67,625.73,671.62,670.42,650.32,592.49,709.3,629.42,663.74,686.03,647.68,528.8,669,669.51,699,487.24,618.14,647.68,655.2,655.2,655.2
632.1,634.22,694.65,227.69,581.12,352.65,718.33,490.65,507.27,509.16,688.95,581.7,409.47,407.2,479.21,380.5,761.8,657.89,415.36,584.23,598.54,598.64,369.16,419.99,695.73,687.7,584.98,561.63,532.7,381.51,583.66,583.67,582.32,787.13,739.57,578.03,815.27,810.94,783.34,484.52,736.79,365.08,364.47,364.13,386.58,207.47,579.24,578.53,591.87,651.58,561.04,497.33,279.43,45.13,498.1,384.41,468.77,481.78,476.45,703.38,418.38,566.63,754.15,426.67,44.4,712.18,628.53,482.75,429.9,481.92,663.64,208.41,506.13,475.74,526.18,472.81,693.29,54.5,696.71,384.45,387.73,413.26,314.96,469.37,436.98,744.7,57.72,488.88,538.75,491.94,690.4,685.44,701.63,692.24,506.58,478.67,437,481.77,506.98,749.91,496.04,577.81,536.69,581.8,478.11,234.29,481.41,574.22,499.56,490.7,505.31,504.05,511.82,469.35,417.77,505.23,498.79,508.25,507.69,513.8,414.3,475.42,57.45,320.77,322.06,321.6,325.58,321.01,321.33,525.26,315.59,599.25,598.28,651.66,375.97,376.16,340.57,225.72,569.56,470.94,366.1,738.98,637.68,483.16,743.57,689.9,813.64,684.6,381.67,758.65,384.06,574.63,576.03,440.82,194.1,695.96,209.7,477.23,546.23,579.8,292.96,316.45,195.38,486.16,571.72,581.89,511.8,583.04,268.96,439.12,511.67,385.72,690.61,414.15,233.87,577.48,576.28,766.98,185.91,409.15,410.1,503.9,776.42,372.22,707.66,406.29,510.5,491.15,482.53,577.55,476.05,496.5,188.98,319.76,783.02,402.74,585.13,788.45,788.45,589.78,409.8,414.1,413.52,515.1,233.43,767.16,768.68,769.63,704.34,793.71,704,478.91,477.72,457.62,239.46,660.67,566.53,421.8,493.33,604.99,400.63,747.93,476.81,777.2,195.43,696.71,604.99,413.26,413.26,413.26
184.06,186.71,246.27,394.15,22.58,242.41,270.67,95.83,91.46,97.38,384.15,25.98,235.71,235.77,176.87,290.05,446.4,356.24,174.73,0.86,249.3,249.4,227.91,266.67,390.72,383.09,270.29,243.92,119.63,214.14,247.69,247.69,22.47,481.64,434.36,260.62,454.66,457.27,448.98,97.24,452.75,225.41,225.41,225.77,224.83,395.94,17.55,16.84,26.26,317.31,31.9,72.63,371,546.72,74.41,221.65,144.38,133.37,131.83,392.32,265.06,41.81,440.8,209.03,541.86,406.73,181.02,99.02,158.99,105.04,282.34,399.64,94.86,134.02,70.12,112.66,284.67,549.95,391.71,222.71,219.42,271.24,273.89,150.44,154.69,439.53,599.57,127.56,120.65,100.69,384.77,379.99,390.57,283.61,94.8,110.6,152.46,103.82,93.01,388.78,73.29,263.12,176.43,17.93,102,356.57,236.04,11.42,114.59,94.33,88.53,96.27,94.16,320.2,165.63,110.4,107.54,92.56,91.04,84.31,175.79,102.74,599.29,279.66,277.82,281.38,282.96,280.78,281.1,97.35,289.83,241.44,242.28,316.76,284.52,284.74,251.34,371.52,30.03,111.1,226.19,290.61,264.75,103.19,438.36,281.27,456.22,379.16,253.34,453.36,200.23,247.53,243.63,149.83,428.13,390.96,411.03,105.03,257.52,18.1,367.49,281.84,397.38,102.03,253.88,25.84,100.55,11.42,310.72,153.43,87.16,219.86,384.73,277.99,386.89,19.8,50.83,461.49,397.98,280.06,281.02,99.91,426.41,216.92,265.03,194.48,81.63,77.97,105.07,50.51,146.24,108.87,393.33,268.26,456.28,216.01,11.52,404.68,404.68,33.43,182.42,167.88,180.88,86.22,387.32,461.68,463.19,464.15,398.89,453.88,399.58,101.36,101.88,137.7,414.87,258.62,232.54,285.63,120.98,258.84,267.36,445.34,103.35,441.9,397.43,391.71,258.84,271.24,271.24,271.24
245.57,238.37,188.42,676.25,429.14,551.74,157.43,469.24,465.74,471.66,69.52,432.54,426.31,423.31,550.56,443,29.73,85,548.13,417.76,182.77,182.86,570.17,424.18,68.49,69.37,177.48,192.07,515.28,515.19,193.01,204,399.83,99.3,75.91,180.02,57.65,65.64,52.06,470.54,38.64,544.24,543.63,543.29,598.35,661.93,424.11,423.4,432.82,101.46,428.13,419.28,709.37,700.79,420.06,595.17,399.76,415.44,414.86,62.17,422.57,385.13,27.36,583.13,699.94,95.5,246.69,472.32,526.19,478.45,124.33,593.5,489.16,416.09,464.42,473.07,146.02,694.97,69.48,596.23,592.94,644.91,642.51,397.83,513.31,38.98,753.78,409.63,517.05,474.31,92.47,93.22,63.86,145.97,469.08,476.76,468.79,477.23,478.74,34.21,446.69,183.69,276.98,399.31,446.06,638.56,340.44,407.75,488.21,467.74,482.82,482,488.46,292.53,539.18,484.02,481.16,489.05,485.34,478.61,549.19,469.96,751.99,521.19,524.19,519.25,520.06,520.24,520.56,491.65,658.82,176.82,177.66,98.38,658.22,658.41,568.73,653.54,430.93,465.48,537.36,131.09,166.25,477.1,80.12,147.3,66.02,93.78,454.27,63,573.76,187.25,192.19,523.16,662.63,67.78,696.67,451.62,210.06,424.66,489.18,650.83,620.52,475.43,180.84,398.25,492.6,421.01,611.86,514.05,461.44,593.38,65.24,651.66,690.48,426.36,367.91,103.51,584.88,653.73,654.69,473.56,32.04,542.42,181.66,568.58,455.91,451.37,478.83,368.09,393.55,374.89,580.25,550.22,59.31,589.55,423.11,73.24,72.7,439.99,555.94,541.43,554.27,460.5,690.05,74.46,70.73,90.6,79.19,64.08,52.43,474.78,475.29,459.63,726.43,188.25,206.17,659.3,494.99,165.1,435.63,30.98,456.66,47.41,620.57,69.48,165.1,644.91,644.91,644.91
384.92,377.7,328.13,794.86,570.94,707.14,334.04,611.35,606.98,612.9,189.48,574.34,544.98,541.99,692.39,561.81,129.11,245.22,690.25,558.26,330.95,331.05,734.58,543,174.08,196.15,304.53,321.84,656.87,642.15,342.8,342.57,557.76,146.88,144.62,315.62,110.14,105.81,111.17,612.76,163.8,671.2,670.59,670.25,750.85,780.53,565.9,565.2,574.62,260.92,569.87,561.27,827.98,819.4,562.04,737.17,521.06,527.38,522.32,190.07,541.39,526.69,148.05,724.55,818.79,178.51,385.5,614.54,653.03,620.56,311.14,712.11,630.56,523.56,605.82,603.55,284.84,813.59,175.07,748.71,734.94,777.98,761.96,519.16,640.15,128.37,872.39,521.7,657.89,616.21,183.37,184.11,191.84,284.79,610.32,607.23,595.36,619.34,620.62,180.92,588.81,310.81,395.54,557.24,587.89,757.11,459.19,549.22,628.71,609.85,624.22,623.88,629.86,411.67,681.15,625.92,623.06,628.26,626.73,619.38,691.31,600.43,870.61,639.93,642.81,637.85,638.66,638.85,639.17,633.04,777.9,336.07,336.6,257.84,785.39,785.35,705.03,772.24,572.67,595.95,664.32,269.9,335.51,618.71,143.89,286.11,105.66,184.68,573.06,123.16,715.75,327.15,330.76,665.35,781.23,174.32,815.27,593.46,328.84,566.46,607.73,769.91,739.55,617.55,320.94,539.81,636.25,562.74,730.54,640.28,602.68,735.38,193.22,780.02,809.09,568.16,536.62,148.95,703.44,773.84,774.78,615.43,136.67,669.38,321.49,710,597.15,593.49,620.59,507.09,513.51,517.46,699.8,674.18,108.32,731.53,564.84,154.97,154.97,581.79,697.94,683.4,676.39,601.74,808.66,122.04,118.29,138.18,166.85,111.27,178.08,616.88,617.4,604.24,845.04,334.12,345.22,786.24,636.5,313.29,554.42,141.29,598.49,128.46,739.6,175.07,313.29,777.98,777.98,777.98
515.29,517.94,577.5,121.29,464.44,235.8,558.65,374.26,390.68,392.6,562.72,465.01,291.92,289.63,362.28,229.55,635.23,529.49,286.73,467.45,470.57,470.67,252.33,300.32,569.29,561.65,459.72,432.02,416.81,264.61,455.85,456.33,465.88,659.32,612.93,450.06,688.88,684.55,671.45,368.16,610.02,248.22,247.61,247.28,269.55,99.66,462.55,461.85,475.18,523.65,444.03,380.58,168.24,91.52,381.35,267.37,351.73,365.03,359.52,567.8,298.71,450.68,627.38,309.81,86.65,585.3,512.25,366.39,313.04,365.53,535.83,91.65,390.33,358.79,409.85,356.4,565.03,103.01,570.28,267.41,270.7,296.68,207.63,352.28,320.12,618.1,144.36,372.09,422.71,375.36,563.35,558.56,566.05,563.97,390.02,362.24,320.98,365.34,390.61,622.68,382.78,452.55,430.06,465.36,361.73,126.67,361.6,457.35,382.78,374.3,388.94,387.69,395.46,341.59,300.66,388.87,382.22,392.4,391.33,397.48,285.67,359.06,144.09,204.14,205.43,204.97,206.15,204.37,204.69,408.88,205.34,471.92,470.95,523.1,303.92,304.05,223.72,118.13,452.88,354.58,250.14,587.54,509.5,366.73,616.93,561.63,687.26,557.72,264.09,631.93,267.21,446.39,448.11,323.97,100.36,569.53,115.22,360.87,423.16,463.11,133.48,206.21,87.77,369.76,443.32,464.98,395.94,466.35,161.67,322.26,395.09,268.68,563.29,297.29,135.52,460.8,460.61,639.17,69.69,292.54,293.32,387.31,648.88,255.36,596.26,289.43,393.8,374.77,366.08,461.88,359.26,379.86,72.76,202.85,656.59,285.92,468.46,660.62,660.62,473.1,281.17,296.98,284.89,398.4,135.08,639.35,640.87,641.82,577.46,682.06,576.19,362.55,361.35,340.83,144.99,532.49,445.68,304.94,377.15,477.16,283.06,621.14,361.25,665.4,87.82,570.28,477.16,296.68,296.68,296.68
